2022-11-23,6292
2023-05-09,3681651
2024-12-03,2376388
2023-09-23,2831297
2024-09-24,1277873
2024-03-12,297743
2023-01-05,761
2024-10-29,1116817
2024-07-22,109665
2023-10-02,4892458
2024-06-15,691044
2024-09-13,1313689
2024-02-20,1460575
2023-10-03,4191682
2023-10-22,2010043
2023-09-15,1939094
2023-05-20,952763
2023-12-07,1104053
2023-10-26,1638966
2023-02-20,885
2023-03-25,66852
2024-11-22,7495687
2023-03-04,278340
2023-02-27,140456
2023-03-05,187198
2024-11-28,3169821
2024-03-28,110662
2023-03-31,21668
2023-11-22,1122411
2024-06-21,100620
2024-04-25,234814
2024-04-06,157891
2023-04-20,2041600
2024-01-23,213222
2025-01-21,1174212
2024-07-05,160264
2024-11-29,2668335
2024-09-30,584406
2024-08-24,271763
2024-08-10,377149
2023-04-14,778286
2023-04-27,18761865
2023-08-03,4227088
2023-05-05,2923253
2024-06-24,115145
2023-04-18,463125
2023-02-28,55409
2024-05-16,89294
2023-03-07,193988
2023-02-09,974
2024-12-02,2621519
2023-05-07,1775986
2025-01-15,614292
2024-12-28,502638
2024-01-09,825863
2024-02-01,624225
2023-12-23,909179
2025-01-22,936851
2024-06-28,87177
2024-01-20,257306
2024-03-03,441221
2024-03-11,151963
2023-01-19,5571
2023-01-20,3973
2024-01-31,563007
2023-04-29,7881272
2024-02-03,602100
2024-04-22,227063
2024-05-20,106394
2024-01-26,168884
2024-09-23,1027622
2023-07-06,4849958
2023-08-17,2827176
2024-11-24,5509333
2024-10-07,794953
2024-04-19,358136
2024-04-01,159633
2024-08-20,402380
2024-03-05,231014
2024-06-06,131344
2024-08-29,20972164
2024-09-21,678015
2023-09-24,2955241
2022-11-22,113570
2023-11-28,1830557
2024-04-15,567945
2024-04-10,2904363
2024-09-12,1395331
2023-03-30,40252
2023-10-09,2767423
2023-07-25,7618990
2024-01-07,833891
2024-07-23,87390
2023-01-24,4286
2024-11-06,7936581
2024-08-12,423540
2023-03-18,99426
2023-03-28,62755
2023-02-04,32740
2024-12-18,701030
2024-12-06,1481518
2023-10-31,1738324
2023-07-31,2588345
2023-09-17,1551035
2024-07-16,73133
2024-11-21,9662234
2023-05-12,3963214
2023-09-11,2615956
2023-11-13,1589772
2025-01-18,561834
2025-01-08,1441432
2024-08-23,359052
2023-12-02,1025103
2024-07-30,130080
2023-12-06,1143771
2023-12-21,1569071
2023-09-16,1474006
2024-10-30,865583
2023-02-19,638
2023-05-23,1800634
2023-09-09,3020980
2024-09-08,1605975
2024-07-20,102387
2023-04-06,1342878
2024-11-16,30819285
2024-05-31,152602
2024-06-27,109526
2024-08-31,38976775
2024-12-21,727626
2024-06-23,87965
2023-08-04,3909824
2024-05-10,124537
2024-12-16,813088
2023-08-20,3543400
2023-11-21,1771158
2024-12-05,1692899
2024-02-11,1543828
2024-12-01,2254827
2024-10-21,4406506
2023-12-14,564313
2024-11-27,4043561
2023-06-01,1239084
2024-05-22,177942
2024-08-06,554147
2024-04-12,1658024
2023-04-12,21562099
2023-08-22,3438004
2023-09-21,5483766
2024-05-24,155414
2024-10-14,349620
2023-02-05,4864
2022-11-30,3515
2023-09-19,11113262
2024-03-17,193283
2023-02-01,8592
2023-04-30,6723491
2024-08-27,306614
2024-08-13,1086979
2024-03-20,200679
2023-01-15,368
2023-01-30,78
2024-04-18,201267
2023-12-10,694327
2023-05-26,1395455
2024-11-02,779713
2024-01-24,269407
2025-01-12,762817
2024-07-09,248924
2024-11-03,853279
2023-07-20,869268
2024-08-22,317219
2023-12-01,1712759
2024-02-17,395198
0001-01-01,245080
2023-05-31,1334918
2024-10-22,3130858
2023-09-01,3087888
2024-08-19,541549
2024-10-06,435275
2023-09-03,2126432
2024-01-15,270304
2024-08-30,32850022
2023-01-22,1345
2023-03-10,101915
2024-08-03,162370
2022-12-18,19299
2024-05-23,314265
2023-08-02,2773625
2024-11-17,24080902
2023-09-13,2711991
2024-03-21,219996
2024-01-18,219699
2024-11-19,17685391
2024-04-30,199698
2023-01-17,5049
2023-09-26,2857714
2023-07-18,1209340
2024-03-10,217407
2022-12-28,361
2023-12-27,649423
2023-12-26,971864
2024-05-02,109075
2024-09-11,1403450
2024-01-01,845505
2023-12-08,1174963
2024-12-25,369251
2023-07-05,5834331
2023-12-05,813594
2023-08-25,3566617
2024-02-06,6427238
2024-05-01,206167
2024-12-26,448176
2023-08-06,2849042
2024-11-30,2623449
2022-11-25,108
2023-08-10,2003826
2024-04-11,2443697
2024-08-28,338663
2024-08-18,726263
2023-11-12,1447794
2024-02-13,997822
2023-11-03,1399715
2023-09-05,2618087
2024-08-16,1097852
2024-05-08,116961
2024-06-26,84110
2023-12-30,851923
2024-01-25,175669
2023-01-18,4392
2023-07-28,2527868
2023-12-03,1159576
2024-06-07,159651
2024-07-07,174540
2023-03-22,17614
2024-12-11,1194763
2023-04-03,3308
2023-10-30,1907389
2024-04-02,132328
2023-10-11,3636543
2023-07-29,2162104
2024-01-13,265214
2023-06-13,938515
2023-11-17,1652466
2024-12-23,502077
2024-05-12,68716
2023-10-25,1741431
2023-09-02,2262993
2024-05-05,118676
2024-03-09,203522
2023-07-08,1875339
2023-11-11,1680484
2024-10-24,1831388
2024-09-22,780158
2024-04-23,167658
2024-02-10,1773172
2023-03-16,198705
2023-03-13,128651
2023-05-30,1492062
2024-03-15,195514
2023-07-13,2438267
2025-01-01,376200
2024-06-14,393362
2024-05-28,207923
2024-04-13,1436734
2024-09-29,448717
2024-01-12,415142
2024-06-12,670124
2023-01-04,25242
2023-06-10,826710
2024-01-06,332218
2024-05-30,137505
2023-10-27,1603653
2023-02-06,12624
2024-09-26,637243
2024-09-06,2772396
2024-09-16,1123910
2023-01-21,8116
2024-10-15,363783
2023-01-26,73559
2023-05-16,2784131
2024-04-03,122318
2023-06-19,730627
2024-04-20,328151
2023-12-16,908256
2023-12-24,847347
2023-03-29,17032
2023-07-30,2173872
2023-10-01,3687122
2024-02-23,462139
2023-09-29,4167041
2024-02-16,484780
2024-03-02,173418
2023-11-24,1355169
2024-03-25,158091
2025-01-25,463130
2024-04-05,146842
2025-02-03,5695
2023-08-26,2541687
2023-08-28,2577802
2023-04-07,329751
2024-08-26,304831
2023-05-21,819824
2024-05-17,180657
2023-06-24,1268875
2024-07-03,107675
2024-08-04,122295
2024-02-26,312915
2023-06-27,2457425
2025-01-11,812572
2023-02-21,774
2023-02-25,26787
2024-03-01,291588
2023-05-01,7077962
2024-05-13,105975
2024-11-04,815410
2023-10-16,2459983
2023-04-11,1784556
2025-01-31,88521
2023-08-12,2166542
2024-10-19,8193079
2023-02-15,18644
2023-06-29,2178325
2023-07-26,4590127
2024-06-19,134863
2023-02-03,24421
2023-01-27,2223
2023-08-14,3042108
2025-01-06,521272
2024-01-10,680663
2024-12-04,2180783
2024-03-14,189642
2023-10-10,3549864
2024-09-28,740949
2024-09-15,794292
2022-12-26,42
2024-01-17,340951
2025-01-05,444547
2023-08-09,2627202
2024-07-12,56801
2023-10-13,4424590
2024-08-11,320767
2023-04-17,380965
2024-06-04,128100
2024-03-23,156919
2023-06-14,2860898
2024-02-08,6461565
2024-02-04,513210
2024-12-12,1093479
2023-12-12,717524
2023-09-07,3001398
2023-06-22,7943783
2023-03-19,180056
2025-01-29,224400
2024-07-28,110108
2024-10-05,572558
2023-05-11,3402736
2023-09-04,2654397
2024-12-19,871999
2024-07-14,78474
2023-12-25,616148
2023-10-18,4646717
2024-11-14,61077821
2024-08-15,1010110
2023-11-19,1433959
2024-06-01,140681
2023-04-13,931076
2023-11-02,1424200
2023-10-24,2538579
2024-10-18,14447518
2024-07-08,135393
2023-08-08,2540197
2023-03-23,5668
2024-07-21,132813
2023-04-25,3294818
2023-12-19,1739251
2023-12-18,1047254
2024-09-25,909042
2024-10-01,610156
2023-01-29,15645
2024-04-16,547035
2024-11-25,4854568
2023-05-17,3057644
2024-11-12,43045581
2024-12-20,765150
2024-11-18,24056048
2024-11-26,4085122
2023-09-22,4214437
2023-12-13,1028658
2024-03-29,141072
2024-12-31,447662
2024-07-06,309127
2024-01-21,183760
2024-01-19,275118
2023-07-01,15409633
2024-10-04,559200
2024-09-19,671968
2022-11-17,884415
2025-01-10,774790
2024-06-09,791529
2024-05-18,184942
2023-10-12,4286046
2023-07-27,3063581
2023-05-08,2692188
2025-02-02,28332
2023-02-13,7866
2023-12-31,848729
2024-11-13,57335255
2024-11-07,17407621
2023-06-11,1059113
2024-03-22,110675
2022-11-24,2358
2024-02-05,550438
2024-02-22,529512
2025-01-24,539325
2023-10-15,2061954
2025-01-16,732554
2022-11-28,63
2024-06-22,129331
2024-01-02,775868
2023-04-26,4500949
2024-10-26,1131222
2024-01-22,286369
2024-07-02,98419
2023-03-11,27921
2023-06-16,1617080
2024-11-15,45869143
2024-06-11,510189
2023-11-09,1810053
2023-06-25,1095970
2024-06-03,167351
2025-01-07,886452
2024-06-16,461042
2024-08-07,748769
2024-03-27,136754
2023-04-02,16342
2024-02-29,396040
2023-07-10,1921255
2023-09-27,2589111
2024-05-19,122284
2023-01-25,6588
2022-12-07,1348
2023-11-06,1581813
2023-08-11,2108613
2023-08-19,5484194
2024-11-23,6760582
2024-09-09,1707142
2024-05-29,360990
2023-07-04,8362992
2023-06-12,1551582
2024-08-05,280915
2023-05-10,2127813
2024-02-19,964741
2023-06-05,1745097
2023-11-25,948216
2023-03-26,177922
2024-06-08,4977955
2025-01-17,613433
2024-02-21,1003065
2022-11-18,42432
2023-06-08,1443119
2023-03-27,333464
2023-05-06,1689786
2024-02-24,264844
2024-12-14,892869
2023-10-29,1585992
2024-07-17,136512
2023-10-19,3716189
2024-02-14,720788
2023-08-27,1982830
2024-06-30,84702
2023-11-05,1160871
2023-06-23,2684546
2023-10-08,2814064
2023-04-21,1541736
2025-01-13,808413
2024-09-27,677289
2024-08-21,442681
2023-05-25,1137417
2024-07-11,101818
2024-05-11,115319
2024-07-24,84902
2024-02-09,3359206
2024-01-29,175576
2024-06-10,433882
2023-11-14,894276
2023-01-28,16122
2024-06-25,59501
2025-01-09,945264
2023-02-24,8810
2024-10-09,1456628
2024-10-20,5574733
2023-07-23,2671726
2023-11-08,1132367
2023-05-19,1572981
2023-09-10,2649137
2024-02-28,408421
2023-11-15,1279833
2023-05-28,1231925
2025-01-19,839957
2024-01-11,478566
2023-11-04,1181258
2024-11-05,1319769
2023-12-04,1535146
2024-01-08,1193202
2023-09-14,2203666
2023-10-23,2278233
2024-04-26,126419
2023-07-24,13598760
2024-11-09,15083902
2024-05-27,274911
2023-02-07,12893
2024-10-28,1350659
2024-01-04,578887
2023-03-08,308428
2024-05-25,90340
2024-10-27,967358
2023-02-08,304
2024-04-09,3135876
2024-01-03,848651
2023-02-16,7888
2023-12-11,699316
2024-11-08,13612843
2024-02-12,1357224
2023-11-01,1275705
2024-09-05,3818717
2024-04-28,116008
2023-04-08,556163
2024-07-26,162050
2023-11-18,1852233
2023-07-15,1072441
2024-06-05,105642
2024-11-20,12568483
2023-09-08,3325564
2023-02-23,16421
2023-08-13,2527665
2023-12-15,940267
2023-10-20,2509750
2023-10-21,1987117
2023-06-03,834084
2024-12-22,645216
2024-02-27,325532
2023-10-05,3522427
2022-12-11,61
2023-03-02,847704
2023-08-18,7429558
2023-12-20,1016499
2024-01-30,256416
2024-11-11,37002142
2023-06-06,927906
2023-10-28,1565263
2024-12-10,1217152
2024-04-17,261542
2023-06-15,1874154
2023-12-22,878604
2024-06-02,102936
2023-07-09,1481400
2024-07-10,98127
2023-06-02,1270123
2024-05-06,140037
2023-07-03,25330757
2024-09-17,1080189
2024-06-29,84579
2023-06-28,2412086
2023-04-04,8904
2023-11-30,1022708
2023-08-05,3151024
2022-11-29,434
2024-10-10,1449959
2023-07-14,2013819
2023-06-26,1605489
2023-10-14,2638740
2024-01-27,182972
2023-09-28,2306044
2023-06-20,923820
2023-08-23,3128306
2025-01-23,761320
2024-05-03,143168
2023-11-23,1279556
2024-05-15,91540
2023-06-30,2004828
2024-03-04,197046
2024-10-17,27272961
2024-12-27,527575
2024-07-01,99021
2023-03-06,248124
2023-03-03,483526
2024-03-26,158805
2024-05-14,93518
2024-03-19,154872
2023-01-23,8341
2024-12-13,1116028
2024-04-04,112330
2022-12-01,733
2024-01-28,155193
2024-04-14,928867
2023-02-18,11116
2024-10-12,476715
2024-08-09,369183
2025-01-14,746913
2024-07-13,89240
2024-03-18,166045
2024-03-07,223304
2023-10-04,3598534
2024-10-25,1532264
2023-06-07,1043941
2023-11-26,1124996
2024-09-10,1541823
2024-07-18,111149
2023-02-02,51121
2023-06-18,823395
2023-09-30,2602047
2023-08-24,3878861
2024-06-18,176206
2023-02-26,6670
2024-09-01,16596578
2022-11-26,197
2023-01-16,94602
2023-07-17,2418826
2023-05-29,1370905
2023-06-21,3736757
2024-01-16,273545
2023-11-10,1809781
2024-10-23,2373163
2024-12-30,501423
2024-07-31,163797
2024-10-03,489169
2023-03-01,1047403
2025-01-02,505297
2024-12-08,1399568
2023-02-17,17425
2023-09-25,2772111
2024-07-27,125544
2023-03-14,97864
2023-05-24,1824581
2024-10-31,916627
2023-02-22,4995
2024-02-15,652963
2024-08-17,814995
2024-06-13,779061
2022-12-19,32
2024-02-25,350732
2024-01-05,509940
2023-07-12,2268113
2023-12-09,899028
2023-04-09,566020
2024-05-04,104692
2024-03-16,155452
2023-07-07,3917419
2023-05-03,5614933
2023-04-10,1078615
2023-03-15,36429
2023-02-12,269
2025-01-04,411908
2023-02-11,223
2024-03-31,119751
2024-02-07,24452959
2023-08-16,3241253
2023-10-06,3158971
2024-10-08,959693
2024-10-13,501815
2025-01-20,765548
2023-03-12,57514
2024-12-17,776087
2023-05-15,2873917
2024-05-26,188500
2022-12-14,15522
2022-12-16,2852
2024-04-27,130465
2023-08-29,2846769
2024-07-15,124735
2023-03-21,20453
2023-01-08,501
2025-01-30,158780
2024-10-11,888515
2023-09-18,3669903
2023-12-29,781577
2024-02-18,660396
2024-12-15,866479
2023-07-21,1258001
2024-03-13,213725
2025-01-28,264293
2023-08-15,3202445
2023-08-31,3588849
2024-03-08,423004
2023-06-09,1246124
2024-12-07,1398690
2024-04-08,4234103
2024-08-02,108619
2023-04-01,35176
2023-01-02,1336
2024-08-14,1321467
2022-12-17,157
2024-11-10,20286042
2024-09-18,800556
2023-08-30,3015868
2023-08-21,3858159
2023-12-28,677617
2023-04-24,2676183
2023-04-22,1209495
2024-05-07,286284
2023-04-05,25583
2024-03-24,131012
2023-10-17,2294315
2024-09-02,10590144
2024-12-24,407392
2023-06-04,563224
2023-04-16,148973
2024-03-06,230487
2023-04-23,2610058
2024-02-02,583611
2024-07-25,120815
2024-03-30,91664
2023-09-06,2511096
2023-05-22,1766259
2024-10-02,460478
2024-07-04,144606
2024-04-21,171244
2023-04-28,13283326
2023-07-16,1132745
2025-02-01,54722
2023-05-27,1382068
2025-01-27,342182
2024-06-20,119260
2024-08-01,109858
2023-03-17,37766
2024-11-01,766507
2024-07-19,74798
2023-09-12,3263636
2024-09-07,1700047
2023-05-13,2530874
2023-04-19,1682606
2025-01-03,504436
2023-05-02,7641366
2023-01-31,7836
2023-08-07,3183898
2023-11-27,1019977
2024-04-24,153237
2023-11-16,1169549
2023-02-10,441
2024-08-08,435489
2024-09-04,4696574
2023-08-01,3407665
2023-04-15,669792
2024-12-09,1395331
2023-11-07,1494240
2024-08-25,310613
2024-05-09,151946
2024-12-29,452804
2023-03-24,5852
2023-03-09,232589
2023-06-17,798259
2023-09-20,8288545
2024-09-14,911448
2024-07-29,94449
2024-05-21,114576
2023-07-22,1031172
2023-11-29,1416141
2023-05-18,2018653
2024-04-07,9209659
2022-12-15,1365
2023-11-20,1622803
2023-05-14,1466571
2024-04-29,200966
2024-06-17,316678
2024-09-20,595861
2023-03-20,35166
2024-10-16,1430223
2023-05-04,5393665
2024-09-03,7577671
2025-01-26,393542
2023-10-07,2889458
2023-07-19,1445202
2023-07-11,1594978
2024-01-14,203586
2022-12-06,779
2023-12-17,885838
